<application>
  <component name="ProjectJdkTable">
    <jdk version="2">
      <name value="Python 2.7" />
      <type value="Python SDK" />
      <version value="Python 2.7.17" />
      <homePath value="C:\Python27\python.exe" />
      <roots>
        <classPath>
          <root type="composite">
            <root url="file://C:/Python27/DLLs" type="simple" />
            <root url="file://C:/Python27/Lib" type="simple" />
            <root url="file://C:/Python27/Lib/lib-tk" type="simple" />
            <root url="file://C:/Python27" type="simple" />
            <root url="file://C:/Python27/Lib/site-packages" type="simple" />
            <root url="file://$USER_HOME$/.PyCharmCE2019.3/system/python_stubs/-762174762" type="simple" />
            <root url="file://$APPLICATION_HOME_DIR$/plugins/python-ce/helpers/python-skeletons" type="simple" />
            <root url="file://$APPLICATION_HOME_DIR$/plugins/python-ce/helpers/typeshed/stdlib/2" type="simple" />
            <root url="file://$APPLICATION_HOME_DIR$/plugins/python-ce/helpers/typeshed/stdlib/2and3" type="simple" />
            <root url="file://$APPLICATION_HOME_DIR$/plugins/python-ce/helpers/typeshed/third_party/2" type="simple" />
            <root url="file://$APPLICATION_HOME_DIR$/plugins/python-ce/helpers/typeshed/third_party/2and3" type="simple" />
          </root>
        </classPath>
        <sourcePath>
          <root type="composite" />
        </sourcePath>
      </roots>
      <additional />
    </jdk>
    <jdk version="2">
      <name value="Python 3.6" />
      <type value="Python SDK" />
      <version value="Python 3.6.7" />
      <homePath value="C:\Python36\python.exe" />
      <roots>
        <classPath>
          <root type="composite">
            <root url="file://C:/Python36/DLLs" type="simple" />
            <root url="file://C:/Python36/Lib" type="simple" />
            <root url="file://C:/Python36" type="simple" />
            <root url="file://C:/Python36/Lib/site-packages" type="simple" />
            <root url="file://$USER_HOME$/.PyCharmCE2019.3/system/python_stubs/-1184660488" type="simple" />
            <root url="file://$APPLICATION_HOME_DIR$/plugins/python-ce/helpers/python-skeletons" type="simple" />
            <root url="file://$APPLICATION_HOME_DIR$/plugins/python-ce/helpers/typeshed/stdlib/3" type="simple" />
            <root url="file://$APPLICATION_HOME_DIR$/plugins/python-ce/helpers/typeshed/stdlib/2and3" type="simple" />
            <root url="file://$APPLICATION_HOME_DIR$/plugins/python-ce/helpers/typeshed/third_party/3" type="simple" />
            <root url="file://$APPLICATION_HOME_DIR$/plugins/python-ce/helpers/typeshed/third_party/2and3" type="simple" />
          </root>
        </classPath>
        <sourcePath>
          <root type="composite" />
        </sourcePath>
      </roots>
      <additional />
    </jdk>
  </component>
</application>